{
    "no_regularization": {
        "dropout_rate": null,
        "use_batchnorm": false,
        "weight_decay": 0.0,
        "final_train_acc": 78.978,
        "final_test_acc": 53.32,
        "overfitting_gap": 25.657999999999994,
        "train_accs": [
            40.112,
            48.542,
            52.514,
            56.042,
            58.674,
            61.072,
            63.48,
            65.47,
            67.842,
            69.938,
            71.804,
            73.826,
            75.804,
            77.21,
            78.978
        ],
        "test_accs": [
            46.75,
            49.36,
            50.35,
            51.54,
            52.06,
            52.52,
            54.33,
            53.15,
            52.07,
            53.75,
            52.73,
            53.07,
            53.08,
            53.22,
            53.32
        ],
        "train_losses": [
            1.6801764364624023,
            1.452332137298584,
            1.338860883140564,
            1.2481506507873534,
            1.1682131918334961,
            1.094834172706604,
            1.0253328016662597,
            0.9602322848892212,
            0.8974400901031494,
            0.8325942122650146,
            0.7816104333114624,
            0.7293808065223694,
            0.6699542316818238,
            0.6338139652061462,
            0.5828706558990479
        ],
        "test_losses": [
            1.5228428115844728,
            1.4338997524261474,
            1.3983541032791138,
            1.3955764221191407,
            1.4051396923065185,
            1.3959996421813965,
            1.346855845451355,
            1.421601024055481,
            1.485240241622925,
            1.5088878032684325,
            1.5664010709762572,
            1.6270231746673585,
            1.7088068370819092,
            1.7236873937606811,
            1.8585584140777587
        ],
        "params_count": 920952,
        "training_time_sec": 193.8212080001831,
        "weight_stats": {
            "mean": 0.023,
            "std": 0.482,
            "min": -2.345,
            "max": 2.891,
            "q1": -0.234,
            "median": 0.018,
            "q3": 0.267,
            "kurtosis": 2.134,
            "skewness": 0.087
        }
    },
    "dropout_0.1": {
        "dropout_rate": 0.1,
        "use_batchnorm": false,
        "weight_decay": 0.0,
        "final_train_acc": 66.124,
        "final_test_acc": 54.36,
        "overfitting_gap": 11.763999999999996,
        "train_accs": [
            38.94,
            46.404,
            49.636,
            52.094,
            53.956,
            55.73,
            57.264,
            58.69,
            59.886,
            60.998,
            62.014,
            63.478,
            64.124,
            64.888,
            66.124
        ],
        "test_accs": [
            46.56,
            48.22,
            50.65,
            51.33,
            51.72,
            52.88,
            52.71,
            53.99,
            53.89,
            53.5,
            54.1,
            54.25,
            53.53,
            54.52,
            54.36
        ],
        "train_losses": [
            1.7104084204864503,
            1.5150280814361572,
            1.4293688227462769,
            1.3563866886138916,
            1.3008533082580567,
            1.2539111490631103,
            1.2013760160446167,
            1.1695925777435303,
            1.1270125424385071,
            1.096038606262207,
            1.0644500065612792,
            1.025919697341919,
            1.0010348506927491,
            0.9806996172904968,
            0.9444829463195801
        ],
        "test_losses": [
            1.5174840244293213,
            1.467272512817383,
            1.4101654624938964,
            1.3568527603149414,
            1.3781232650756836,
            1.344964109802246,
            1.3456260524749757,
            1.3199524827957154,
            1.3149464057922364,
            1.3372024534225464,
            1.3335249977111816,
            1.3344302967071533,
            1.3363988483428955,
            1.3393587564468383,
            1.3586863021850586
        ],
        "params_count": 920952,
        "training_time_sec": 184.7791028022766,
        "weight_stats": {
            "mean": 0.015,
            "std": 0.321,
            "min": -1.876,
            "max": 1.943,
            "q1": -0.187,
            "median": 0.012,
            "q3": 0.203,
            "kurtosis": 1.876,
            "skewness": 0.045
        }
    },
    "dropout_0.3": {
        "dropout_rate": 0.3,
        "use_batchnorm": false,
        "weight_decay": 0.0,
        "final_train_acc": 54.306,
        "final_test_acc": 52.7,
        "overfitting_gap": 1.6059999999999945,
        "train_accs": [
            35.124,
            41.37,
            43.884,
            45.368,
            46.676,
            47.928,
            49.108,
            50.226,
            50.688,
            51.612,
            52.042,
            52.906,
            53.492,
            53.98,
            54.306
        ],
        "test_accs": [
            43.26,
            45.23,
            46.26,
            48.12,
            49.17,
            50.67,
            50.4,
            51.78,
            51.38,
            51.63,
            52.38,
            51.98,
            53.17,
            52.85,
            52.7
        ],
        "train_losses": [
            1.8163429437637328,
            1.656672168006897,
            1.59080585811615,
            1.5470306232833861,
            1.5080980616378785,
            1.4747121562194825,
            1.443898391647339,
            1.420960544166565,
            1.400585191307068,
            1.3719849592971802,
            1.3572351531982423,
            1.338296955909729,
            1.3242361989593505,
            1.309263551902771,
            1.295879114265442
        ],
        "test_losses": [
            1.608562770652771,
            1.5498315891265868,
            1.520218750190735,
            1.475176541519165,
            1.431162103843689,
            1.4118648330688477,
            1.4059713151931763,
            1.3810754936218261,
            1.3867551475524902,
            1.374400800895691,
            1.3527767944335938,
            1.3480456279754638,
            1.3417567865371705,
            1.3390525493621825,
            1.3481662439346314
        ],
        "params_count": 920952,
        "training_time_sec": 187.72935819625854,
        "weight_stats": {
            "mean": 0.008,
            "std": 0.234,
            "min": -1.345,
            "max": 1.278,
            "q1": -0.134,
            "median": 0.007,
            "q3": 0.145,
            "kurtosis": 1.523,
            "skewness": 0.023
        }
    },
    "dropout_0.5": {
        "dropout_rate": 0.5,
        "use_batchnorm": false,
        "weight_decay": 0.0,
        "final_train_acc": 45.924,
        "final_test_acc": 47.81,
        "overfitting_gap": -1.8860000000000028,
        "train_accs": [
            29.086,
            35.478,
            37.988,
            39.328,
            40.736,
            41.732,
            42.252,
            43.06,
            44.076,
            44.39,
            44.538,
            44.936,
            45.19,
            45.442,
            45.924
        ],
        "test_accs": [
            38.31,
            40.87,
            43.78,
            45.53,
            44.59,
            46.49,
            46.32,
            44.71,
            47.5,
            45.9,
            47.46,
            48.42,
            48.57,
            48.85,
            47.81
        ],